model_id,runs,total_answers,total_seconds,total_cost_cents,total_input_tokens,total_output_tokens,model_label,seconds_per_answer,cost_per_answer_cents,cost_per_1000_answers_cents,tokens_per_answer,answer_count,mae,rmse,bias_ai_minus_human,median_abs_error,exact_match_rate,within_0_5_rate,within_1_rate,large_error_rate_gt_1,pearson_corr,spearman_corr
deepseek-v4-flash,19,2223,3030.0,130,8624262,361299,DeepSeek V4 Flash,1.3630229419703104,0.05847953216374269,58.47953216374269,4042.0877192982457,2223,0.24628879892037786,0.5324596419968143,-0.195906432748538,0.0,0.7489878542510121,0.808816914080072,0.9730094466936572,0.02699055330634278,0.8822179123844923,0.8930301079917089
deepseek-v4-pro,19,2223,5579.0,505,10836550,327294,DeepSeek V4 Pro,2.509671614934773,0.22717049032838507,227.17049032838509,5021.972109761584,2223,0.297795771479982,0.6181757440746953,-0.2550607287449393,0.0,0.717948717948718,0.7732793522267206,0.957714799820063,0.04228520017993702,0.8520046665029388,0.855198227599402
