disagreement_threshold,flagged_answers,flagged_rate,large_error_cases_gt_1,large_error_capture_rate,unflagged_mean_ai_mae
0.0,396,0.17813765182186234,116,0.7155172413793104,0.1811713191023536
0.5,396,0.17813765182186234,116,0.7155172413793104,0.1811713191023536
1.0,326,0.14664867296446243,116,0.6724137931034483,0.1937269372693727
1.5,41,0.018443544759334234,116,0.31896551724137934,0.2513748854262145
2.0,26,0.011695906432748537,116,0.21551724137931033,0.25409649522075556
