model_id,model_label,student_count,total_score_mae,total_score_rmse,total_score_bias_ai_minus_human,within_1_point_rate,within_2_points_rate,pearson_corr,spearman_corr
deepseek-v4-flash,DeepSeek V4 Flash,120,3.654166666666667,4.231085361149469,-3.629166666666667,0.14166666666666666,0.2833333333333333,0.9752303324159087,0.9314831203058258
deepseek-v4-pro,DeepSeek V4 Pro,120,4.733333333333333,5.378196723809943,-4.725,0.075,0.15833333333333333,0.9653912895239296,0.914776888681724
