model_id,model_label,runs,total_answers,total_elapsed_seconds,total_input_tokens,total_output_tokens,total_cost_cents,total_cost_usd,seconds_per_answer,cost_per_answer_cents,tokens_per_answer,n,mae,rmse,exact_match_rate,within_0_5_rate,within_1_rate,mean_diff_model_minus_human,pearson_r
deepseek-v4-flash,DeepSeek V4 Flash,3,353,614.097,1935054,81442,29,0.29,1.7396515580736542,0.0821529745042493,5712.453257790368,353,0.23937677053824363,0.5460390464304077,0.7875354107648725,0.7875354107648725,0.9745042492917847,-0.19405099150141644,0.9304619073823226
deepseek-v4-pro,DeepSeek V4 Pro,3,353,962.517,1543404,58393,73,0.73,2.7266770538243628,0.20679886685552407,4537.6685552407935,353,0.28895184135977336,0.555681446233708,0.6742209631728046,0.8073654390934845,0.9575070821529745,-0.24645892351274787,0.9408466569766892
openai-mini,OpenAI Mini (low),3,353,264.467,864341,16990,72,0.72,0.749198300283286,0.20396600566572237,2496.6883852691217,353,0.24645892351274787,0.5950694486572239,0.8045325779036827,0.8045325779036827,0.9518413597733711,-0.17280453257790368,0.9109672228304173
openai-mini-medium,OpenAI Mini (medium),3,353,464.30899999999997,1495343,29971,126,1.26,1.3153229461756373,0.35694050991501414,4321.00283286119,353,0.18413597733711048,0.4907068382783599,0.8441926345609065,0.8441926345609065,0.9716713881019831,-0.0821529745042493,0.9337223693029854
