question_order,question_label,n,mean_abs_diff,normalized_mean_abs_diff,exact_match_rate,within_1_point_rate,pro_higher_count,flash_higher_count,same_count
6,Q6 List methods,116,0.04310344827586207,0.010775862068965518,0.9568965517241379,1.0,2,3,111
14,Q14 Explain coherence,118,0.4915254237288136,0.2457627118644068,0.3050847457627119,0.9915254237288136,25,57,36
17,Q17 Adv./Disadv.,119,0.08823529411764706,0.022058823529411766,0.8907563025210085,1.0,12,1,106
