model_id,model_label,n_students,mean_ai_total,mean_baseline_total,signed_total_diff,total_mae,exact_total_rate,within_1_total_rate
deepseek-v4-flash,DeepSeek V4 Flash,115,8.056521739130435,8.626086956521739,-0.5695652173913044,0.6217391304347826,0.5130434782608696,0.8956521739130435
deepseek-v4-pro,DeepSeek V4 Pro,115,7.878260869565217,8.626086956521739,-0.7478260869565218,0.808695652173913,0.21739130434782608,0.808695652173913
