model_id,runs,total_answers,total_seconds,total_cost_cents,total_input_tokens,total_output_tokens,model_label,seconds_per_answer,cost_per_answer_cents,cost_per_1000_answers_cents,tokens_per_answer,answer_count,mae,rmse,bias_ai_minus_human,median_abs_error,exact_match_rate,within_0_5_rate,within_1_rate,large_error_rate_gt_1,pearson_corr,spearman_corr
deepseek-v4-flash,25,3008,5346.0,194,12802216,553057,DeepSeek V4 Flash,1.7772606382978724,0.06449468085106383,64.49468085106383,4439.917885638298,3008,0.24867021276595744,0.5521356023697941,-0.13863031914893617,0.0,0.7506648936170213,0.8204787234042553,0.9644281914893617,0.0355718085106383,0.8894326879619426,0.8273463117173268
deepseek-v4-pro,25,3008,7055.0,602,12928444,401689,DeepSeek V4 Pro,2.3454122340425534,0.20013297872340424,200.13297872340425,4431.56017287234,3008,0.2892287234042553,0.5895533379583838,-0.19414893617021275,0.0,0.7084441489361702,0.7882313829787234,0.9587765957446809,0.041223404255319146,0.8833581473070267,0.7994616540302407
