disagreement_threshold,flagged_answers,flagged_rate,large_error_cases_gt_1,large_error_capture_rate,unflagged_mean_ai_mae
0.0,680,0.22606382978723405,178,0.7696629213483146,0.163659793814433
0.5,680,0.22606382978723405,178,0.7696629213483146,0.163659793814433
1.0,472,0.15691489361702127,178,0.6460674157303371,0.18631703470031546
1.5,31,0.010305851063829786,178,0.15730337078651685,0.2566341954988243
2.0,17,0.005651595744680851,178,0.0898876404494382,0.2589434971581411
