model_id,model_label,student_count,total_score_mae,total_score_rmse,total_score_bias_ai_minus_human,within_1_point_rate,within_2_points_rate,pearson_corr,spearman_corr
deepseek-v4-flash,DeepSeek V4 Flash,123,3.5284552845528454,4.231127394015719,-3.3902439024390243,0.17886178861788618,0.37398373983739835,0.9573496825350616,0.9463776354274552
deepseek-v4-pro,DeepSeek V4 Pro,123,4.788617886178862,5.555704605046653,-4.747967479674797,0.08943089430894309,0.16260162601626016,0.9472254161115526,0.9405272028641511
