{
  "q13": {
    "text": "Q13 問答題 List the four necessary conditions that must hold simultaneously for a system-wide deadlock to occur. 平均 1.9 / 4 · 95 人作答 得分率 48%",
    "x": 821,
    "y": 172,
    "w": 266,
    "h": 113.96875,
    "area": 30315.6875
  },
  "chip": {
    "text": "4 分 29",
    "x": 1041.84375,
    "y": 533,
    "w": 59.203125,
    "h": 25.984375,
    "area": 1538.356201171875
  },
  "clip": {
    "x": 961,
    "y": 89,
    "width": 479,
    "height": 911
  }
}